Date,"img_urls",image,text,"Text_Predict","Image_Predict",Predict,data
"2021-05-04",,,"but an lf test is no more accurate than flipping a coin literally that what the liverpool pilot study sleazily showed ! this a tory scam at tax payer expense! cronies profiting from supply of kits and hancock clearing embarrassment of stock bought at high price without validation",,,BUSINESS,"lf test accurate flipping coin literally liverpool pilot study sleazily showed tory scam tax payer expense crony profiting supply kit hancock clearing embarrassment stock bought high price without validation"
"2021-05-04",,,"following the successful pilot events at bramley moore &amp; sefton park at the weekend, liverpool's public health director @dph_mashton praised the organisers and those who attended #heartnews  https://t.co/twcy5eafcd",,,WELLNESS,"following successful pilot event bramley moore amp sefton park weekend liverpool public health director dph_mashton praised organiser attended heartnews"
"2021-05-04",,,"following the successful pilot events at bramley moore &amp; sefton park at the weekend, liverpool's public health director @dph_mashton praised the organisers and those who attended #capitalreports  https://t.co/49uxjjw6k6",,,WELLNESS,"following successful pilot event bramley moore amp sefton park weekend liverpool public health director dph_mashton praised organiser attended capitalreports"
"2021-05-04",,,"what does it mean to reopen conferences and large-scale meetings? that's what pilot programs like the good business festival at acc liverpool are aiming to find out.  #liveevents #postpandemic    https://t.co/z9nx3vxhse",,,BUSINESS,"mean reopen conference large scale meeting pilot program like good business festival acc liverpool aiming find liveevents postpandemic"
"2021-05-04",,,"hey guys, i‚Äôm doing a piece on the pilot gig events which went on in liverpool and whether they should be held in nottingham and if so in which nottingham location.  i‚Äôd like to know if you would attend or not and reasons why? rt‚Äôs much appreciated! #journorequest #nottingham",,,ENTERTAINMENT,"hey guy piece pilot gig event went liverpool whether held nottingham nottingham location like know would attend reason rt much appreciated journorequest nottingham"
"2021-05-04",,,"answer: liverpool- around 3,000 people danced, drank, and listened to music without masks or social distancing. the april 30th event was one of a series of pilots sponsored by the uk government to test whether covid-19 restrictions can be eased without sparking new outbreaks.",,,WELLNESS,"answer liverpool around   people danced drank listened music without mask social distancing april th event one series pilot sponsored uk government test whether covid  restriction eased without sparking new outbreak"
"2021-05-04",,,"if you attended the wonderful #eventsresearchprogramme sefton park @frfestivals pilot on sunday with @thisiszuzu @thelathums @blossomsband - please prepare to take your home test on friday; and for today, thank you #liverpool, home of science for society:  https://t.co/djqijjetln",,,PARENTING,"attended wonderful eventsresearchprogramme sefton park frfestivals pilot sunday thisiszuzu thelathums blossomsband please prepare take home test friday today thank liverpool home science society"
"2021-05-04",,,"@maximumattackdt yeah saw that as well as the 3000 person club night in liverpool but it seems they were both part of a pilot scheme of test events where people get tested before and after the events.   https://t.co/bkgrexkbfl",,,"QUEER VOICES","maximumattackdt yeah saw well  person club night liverpool seems part pilot scheme test event people get tested event"
"2021-05-03",,,"@thatryanchap @scienceshared fake sage are really clutching at straws and this is possibly the last straw ( clever mixed metaphors eh?)  as has been pointed out in this thread - these pilots in liverpool are controlled &amp; monitored, i‚Äôm proud that liverpool has been at the forefront of several covid pilots.",,,POLITICS,"thatryanchap scienceshared fake sage really clutching straw possibly last straw clever mixed metaphor eh pointed thread pilot liverpool controlled amp monitored proud liverpool forefront several covid pilot"
"2021-05-03",,,"this is an excellent thread! whatever you thoughts on the liverpool party pilot, the ethics are really interesting to think with ideas of new materialisms, personal, public, individual and dividual @bsanewmat",,,WELLNESS,"excellent thread whatever thought liverpool party pilot ethic really interesting think idea new materialism personal public individual dividual bsanewmat"
"2021-05-03",,,"an impassioned defence (and explanation) of the public health pilots that took place in liverpool this weekend. it's not surprising after the year we've had that some people will feel uncomfortable with them but this is a detailed, well argued explanation of the role they play.",,,WELLNESS,"impassioned defence explanation public health pilot took place liverpool weekend surprising year people feel uncomfortable detailed well argued explanation role play"
"2021-05-03",,,"covid: music fans take part in pilot concert with blossoms -  https://t.co/cwmzj4xo07  five-thousand music fans attended a pilot concert held in a big top in liverpool and headlined by blossoms. sunday‚Äôs mini-festival in liverpool‚Äôs sefton park was one of the governme...",,,ENTERTAINMENT,"covid music fan take part pilot concert blossom five thousand music fan attended pilot concert held big top liverpool headlined blossom sunday mini festival liverpool sefton park one governme"
"2021-05-03",,,"feels a bit more like normal seeing peoples' ig stories at the liverpool pilot festival and pressing skip twenty times on their shaky footage  https://t.co/ujpcojsm8g",,,ENTERTAINMENT,"feel bit like normal seeing people ig story liverpool pilot festival pressing skip twenty time shaky footage"
"2021-05-03","https://pbs.twimg.com/media/E0doUPXWYAI6u64.png",Black,"feels a bit more like normal seeing peoples' ig stories at the liverpool pilot festival and pressing skip twenty times on their shaky footage  https://t.co/ujpcojsm8g",,,ENTERTAINMENT,"feel bit like normal seeing people ig story liverpool pilot festival pressing skip twenty time shaky footage"
"2021-05-03",,,"@michaelmina_lab also the study in progress with the pilot concert in liverpool. 5000 fans, lateral flow test 24 hours before event, and another 5 days after the event.  https://t.co/y2py5pdb9k",,,ENTERTAINMENT,"michaelmina_lab also study progress pilot concert liverpool  fan lateral flow test  hour event another  day event"
"2021-05-03",,,"üì¢ festival news: a pilot festival brought live music back to the uk, with @blossomsband @thelathums and @thisiszuzu playing to 5,000 people in liverpool    https://t.co/8zga7fshnn",,,ENTERTAINMENT,"festival news pilot festival brought live music back uk blossomsband thelathums thisiszuzu playing   people liverpool"
"2021-05-03",,,"amazing to see the happiness, relief and positive energy flowing again at the pilot test gig in liverpool last night  https://t.co/d6hihdq4ka",,,WELLNESS,"amazing see happiness relief positive energy flowing pilot test gig liverpool last night"
"2021-05-03","https://pbs.twimg.com/media/E0dVTq7XEAAyUvc.jpg","White Latino_Hispanic","amazing to see the happiness, relief and positive energy flowing again at the pilot test gig in liverpool last night  https://t.co/d6hihdq4ka",,,WELLNESS,"amazing see happiness relief positive energy flowing pilot test gig liverpool last night"
"2021-05-03","https://pbs.twimg.com/media/E0dU6hcXIAIBpkg.jpg","White Middle Eastern East Asian","amazing to see the happiness, relief and positive energy flowing again at the pilot test gig in liverpool last night  https://t.co/d6hihdq4ka",,,WELLNESS,"amazing see happiness relief positive energy flowing pilot test gig liverpool last night"
"2021-05-03","https://pbs.twimg.com/media/E0dU6hgWUAEecf6.jpg","Middle Eastern","amazing to see the happiness, relief and positive energy flowing again at the pilot test gig in liverpool last night  https://t.co/d6hihdq4ka",,,WELLNESS,"amazing see happiness relief positive energy flowing pilot test gig liverpool last night"
"2021-05-03","https://pbs.twimg.com/media/E0dU6hYWEAAcLxN.jpg","White Middle Eastern","amazing to see the happiness, relief and positive energy flowing again at the pilot test gig in liverpool last night  https://t.co/d6hihdq4ka",,,WELLNESS,"amazing see happiness relief positive energy flowing pilot test gig liverpool last night"
"2021-05-03",,,"hi everyone! if you or anyone you know attended the pilot gig in liverpool last night and would be happy to answer a couple of questions about it over dm pls message me! it‚Äôs for my journalism course",,,ENTERTAINMENT,"hi everyone anyone know attended pilot gig liverpool last night would happy answer couple question dm pls message journalism course"
"2021-05-03",,,"see photos, footage and reaction from blossoms' pilot gig in liverpool - nme  https://t.co/pfby46cirj",,,WORLDPOST,"see photo footage reaction blossom pilot gig liverpool nme"
"2021-05-03",,,"i always like being on p3 - sharing the honour with @davesimps0n today (and @blossomsband @thisiszuzu @thelathums). top night in liverpool at the sefton park pilot.  https://t.co/ovkoc0nbje",,,ENTERTAINMENT,"always like p sharing honour davesimpsn today blossomsband thisiszuzu thelathums top night liverpool sefton park pilot"
"2021-05-03",,,"liverpool‚Äôs director of public health @dph_mashton told us why yesterday‚Äôs gig in sefton park and the events pilot as a whole was so important. üëá  https://t.co/akb4xvzqmz",,,ENTERTAINMENT,"liverpool director public health dph_mashton told u yesterday gig sefton park event pilot whole important"
"2021-05-03",,,"fantastic pilot event in liverpool last night. great work from @frfestivals, the city of liverpool and @dcms on what will hopefully be a huge milestone in bringing festivals back. thank you.#seftonparkpilot  üé™  https://t.co/q3xdtb60ty",,,TRAVEL,"fantastic pilot event liverpool last night great work frfestivals city liverpool dcms hopefully huge milestone bringing festival back thank seftonparkpilot"
"2021-05-03","https://pbs.twimg.com/media/E0cmUUwXIAArfnD.jpg","Middle Eastern White","fantastic pilot event in liverpool last night. great work from @frfestivals, the city of liverpool and @dcms on what will hopefully be a huge milestone in bringing festivals back. thank you.#seftonparkpilot  üé™  https://t.co/q3xdtb60ty",,,TRAVEL,"fantastic pilot event liverpool last night great work frfestivals city liverpool dcms hopefully huge milestone bringing festival back thank seftonparkpilot"
"2021-05-03","https://pbs.twimg.com/media/E0cmAj5XEAANyFR.jpg","Black Middle Eastern White Latino_Hispanic Indian","fantastic pilot event in liverpool last night. great work from @frfestivals, the city of liverpool and @dcms on what will hopefully be a huge milestone in bringing festivals back. thank you.#seftonparkpilot  üé™  https://t.co/q3xdtb60ty",,,TRAVEL,"fantastic pilot event liverpool last night great work frfestivals city liverpool dcms hopefully huge milestone bringing festival back thank seftonparkpilot"
"2021-05-03",,,"see photos, footage and reaction from blossoms‚Äô pilot gig in liverpool  https://t.co/flu9jd8bud",,,WORLDPOST,"see photo footage reaction blossom pilot gig liverpool"
"2021-05-03",,,"@nickturnerdj @northwalescom @broadwayboulev another dj thats sensible waiting for the right time for the clubs to reopen and banging those lost 2 years years of dance tunes .... good on ya pal .... not like the first nightclub pilot event in liverpool which in my option it was wrong ....",,,ENTERTAINMENT,"nickturnerdj northwalescom broadwayboulev another dj thats sensible waiting right time club reopen banging lost  year year dance tune good ya pal like first nightclub pilot event liverpool option wrong"
"2021-05-03",,,"reaction from blossoms after last night's pilot music festival in #liverpool!   5,000 people descended on sefton park with performances also from @thelathums and @thisiszuzu   https://t.co/g9qh7zvpj3",,,ENTERTAINMENT,"reaction blossom last night pilot music festival liverpool   people descended sefton park performance also thelathums thisiszuzu"
"2021-05-03",,,"reaction from blossoms after last night's pilot music festival in #liverpool!   5,000 people descended on sefton park with performances also from @thelathums and @thisiszuzu",,,ENTERTAINMENT,"reaction blossom last night pilot music festival liverpool   people descended sefton park performance also thelathums thisiszuzu"
"2021-05-03",,,"i know some disagree with the pilots and others are apprehensive but i‚Äôve loved watching the footage from liverpool this weekend. makes you realise what we are missing. everyone looks so happy and carefree. it‚Äôs great üòÅ",,,TRAVEL,"know disagree pilot others apprehensive loved watching footage liverpool weekend make realise missing everyone look happy carefree great"
"2021-05-02",,,"give it two or three weeks and we'll see a surge in new cases.....‚Äòwe are ecstatic!‚Äô: a taste of post-covid freedom at liverpool pilot gig  https://t.co/voyxambzwi",,,"QUEER VOICES","give two three week see surge new case ecstatic taste post covid freedom liverpool pilot gig"
"2021-05-02",,," https://t.co/njthxzcokl see photos, footage and reaction from blossoms‚Äô pilot gig in liverpool  https://t.co/d42vmujbtd",,,WORLDPOST,"see photo footage reaction blossom pilot gig liverpool"
"2021-05-02",,,"scenes from the liverpool pilot making me emotional. üôèüèª let us get back to live music and events soon",,,ENTERTAINMENT,"scene liverpool pilot making emotional let u get back live music event soon"
"2021-05-02",,,"""it was crazy queuing for a portaloo standing next to someone unmasked..."" @bbcnews on the pilot gig in liverpool today. this is 2021 and what we've all got to look forward to as lockdown eases!",,,ENTERTAINMENT,"crazy queuing portaloo standing next someone unmasked bbcnews pilot gig liverpool today  got look forward lockdown eas"
"2021-05-02",,,"see photos, footage and reaction from blossoms‚Äô pilot gig in¬†liverpool  https://t.co/tvttiifz2y",,,WORLDPOST,"see photo footage reaction blossom pilot gig liverpool"
"2021-05-02",,,"#musicnews #news see photos, footage and reaction from blossoms‚Äô pilot gig in liverpool  https://t.co/vvqaij4d0r",,,WORLDPOST,"musicnews news see photo footage reaction blossom pilot gig liverpool"
"2021-05-02",,,"see photos, footage and reaction from blossoms‚Äô pilot gig in liverpool  https://t.co/tkqzponxao #music #streamingvideo #stageplayerplus",,,ENTERTAINMENT,"see photo footage reaction blossom pilot gig liverpool music streamingvideo stageplayerplus"
"2021-05-02",,,"wow...and just like that, nightlife returns to liverpool through a pilot ‚Äòpre-event‚Äô test üé´",,,"QUEER VOICES","wow like nightlife return liverpool pilot pre event test"
"2021-05-02",,,"i take my hat off for the university and public health team in liverpool who were behind the events this weekend.   this team has been working tireless in the last many months on various pilot (testing) programmes.    https://t.co/lisnndlyva",,,WELLNESS,"take hat university public health team liverpool behind event weekend team working tireless last many month various pilot testing programme"
"2021-05-02",,,"in the last few days we have seen a lot of shouting on twitter about the pilot music events in liverpool....  scientists and health researchers have been up in arms....  in my view it is time to calm down and support this work.  https://t.co/r1abprihge",,,WELLNESS,"last day seen lot shouting twitter pilot music event liverpool scientist health researcher arm view time calm support work"
"2021-05-02","https://pbs.twimg.com/media/E0ZVtmfWEAEYr-z.jpg","Latino_Hispanic Black East Asian Southeast Asian White","in the last few days we have seen a lot of shouting on twitter about the pilot music events in liverpool....  scientists and health researchers have been up in arms....  in my view it is time to calm down and support this work.  https://t.co/r1abprihge",,,WELLNESS,"last day seen lot shouting twitter pilot music event liverpool scientist health researcher arm view time calm support work"
"2021-05-02",,,"i‚Äôm really hoping these live music pilots in liverpool are successful. great to see crowds enjoying live music, and will be a real boost to the industry.",,,ENTERTAINMENT,"really hoping live music pilot liverpool successful great see crowd enjoying live music real boost industry"
"2021-05-02",,,"team #liverpool strikes again. the passion and determination from claire @culturelpool and all involved in delivering these crucial pilot events has shone yet another great light on our city. history made yet again üëèüèª‚ù§Ô∏è",,,SPORTS,"team liverpool strike passion determination claire culturelpool involved delivering crucial pilot event shone yet another great light city history made yet"
"2021-05-02",,,"liverpool! beautiful to see the scenes for our girl @thisiszuzu at the pilot event tonight. if you're there or wishing to be and it's wet your appetite, later this year we bring you two of liverpool's finest new bands @redrumclub &amp; @themysterines. tickets:  https://t.co/d7fukeshy6  https://t.co/qhuf25xj5l",,,ENTERTAINMENT,"liverpool beautiful see scene girl thisiszuzu pilot event tonight wishing wet appetite later year bring two liverpool finest new band redrumclub amp themysterines ticket"
"2021-05-02","https://pbs.twimg.com/media/E0Z3eiaWUAc8lME.jpg","White Middle Eastern","liverpool! beautiful to see the scenes for our girl @thisiszuzu at the pilot event tonight. if you're there or wishing to be and it's wet your appetite, later this year we bring you two of liverpool's finest new bands @redrumclub &amp; @themysterines. tickets:  https://t.co/d7fukeshy6  https://t.co/qhuf25xj5l",,,ENTERTAINMENT,"liverpool beautiful see scene girl thisiszuzu pilot event tonight wishing wet appetite later year bring two liverpool finest new band redrumclub amp themysterines ticket"
"2021-05-02",,,"‚≠ïÔ∏è ryans cleaning ‚≠ïÔ∏è   we are delighted to be back working at music events in the uk again and are honoured to be part of the sefton park pilot in liverpool üòÄ  we‚Äôll keep you posted on the event üòÄ  #ryanscleaning #seftonparkpilot  https://t.co/clvevoqzuw",,,ENTERTAINMENT,"ryans cleaning delighted back working music event uk honoured part sefton park pilot liverpool keep posted event ryanscleaning seftonparkpilot"
"2021-05-02","https://pbs.twimg.com/media/E0ZxQkjWYAIcO0f.jpg","White East Asian Black Middle Eastern","‚≠ïÔ∏è ryans cleaning ‚≠ïÔ∏è   we are delighted to be back working at music events in the uk again and are honoured to be part of the sefton park pilot in liverpool üòÄ  we‚Äôll keep you posted on the event üòÄ  #ryanscleaning #seftonparkpilot  https://t.co/clvevoqzuw",,,ENTERTAINMENT,"ryans cleaning delighted back working music event uk honoured part sefton park pilot liverpool keep posted event ryanscleaning seftonparkpilot"
"2021-05-02","https://pbs.twimg.com/media/E0ZxQkRWEAIypvH.jpg","Middle Eastern White","‚≠ïÔ∏è ryans cleaning ‚≠ïÔ∏è   we are delighted to be back working at music events in the uk again and are honoured to be part of the sefton park pilot in liverpool üòÄ  we‚Äôll keep you posted on the event üòÄ  #ryanscleaning #seftonparkpilot  https://t.co/clvevoqzuw",,,ENTERTAINMENT,"ryans cleaning delighted back working music event uk honoured part sefton park pilot liverpool keep posted event ryanscleaning seftonparkpilot"
"2021-05-02","https://pbs.twimg.com/media/E0ZxQizXEAQt-kX.jpg","White Middle Eastern Black Latino_Hispanic","‚≠ïÔ∏è ryans cleaning ‚≠ïÔ∏è   we are delighted to be back working at music events in the uk again and are honoured to be part of the sefton park pilot in liverpool üòÄ  we‚Äôll keep you posted on the event üòÄ  #ryanscleaning #seftonparkpilot  https://t.co/clvevoqzuw",,,ENTERTAINMENT,"ryans cleaning delighted back working music event uk honoured part sefton park pilot liverpool keep posted event ryanscleaning seftonparkpilot"
"2021-05-02",,,"liverpool clubbing pilot, bbc news at ten, 30th apr 2021  https://t.co/re0r5vi4nm via @youtube this is our piece for the bbc news at ten with @danjohnsonnews and @brijeshp - what a day - who‚Äôd have thought we‚Äôd be reporting on a nightclub event - times have changed",,,TRAVEL,"liverpool clubbing pilot bbc news ten th apr  via youtube piece bbc news ten danjohnsonnews brijeshp day thought reporting nightclub event time changed"
"2021-05-02",,,"anyway, enough of that. huge good luck to @blossomsband @thelathums  and @thisiszuzu at the liverpool pilot gig tonight. we‚Äôre so nearly back!",,,ENTERTAINMENT,"anyway enough huge good luck blossomsband thelathums thisiszuzu liverpool pilot gig tonight nearly back"
"2021-05-02",,,"‚Äúif ever there is a reinforcement that liverpool was a city of music, this really is it‚Äù üé∂üåá  melvin benn is md of @frfestivals and says by learning from the pilot we‚Äôll see the likes of @officialrandl and @glastonbury happening again as normal. üé™  @culturelpool/ @lpoolcouncil  https://t.co/hamqv0m0fm",,,ENTERTAINMENT,"ever reinforcement liverpool city music really melvin benn md frfestivals say learning pilot see like officialrandl glastonbury happening normal culturelpool lpoolcouncil"
"2021-05-02",,,"djs get the crowd warmed up ahead of tonight's acts coming on at sefton park. as part of the live event pilot you don't have to wear a mask and there is no social distancing. #liverpool #seftonpark #pilotevent #livemusic  https://t.co/63gn2wd3bw",,,ENTERTAINMENT,"dj get crowd warmed ahead tonight act coming sefton park part live event pilot wear mask social distancing liverpool seftonpark pilotevent livemusic"
"2021-05-02",,,"worth remembering how reluctant the snp have been on mass testing. last summer they closed a testing lab. they refused to test students and at airports. they criticised the liverpool pilot. they have been grumpily following, not leading.",,,POLITICS,"worth remembering reluctant snp mass testing last summer closed testing lab refused test student airport criticised liverpool pilot grumpily following leading"
"2021-05-02",,,"is there any pilot events in scotland like there are elsewhere to see impact on covid restrictions, like few 1000 fans in stadiums or like nightclub in liverpool. we are being restricted and we need @thesnp to stop treating us like kids. open up and get us back on track",,,TRAVEL,"pilot event scotland like elsewhere see impact covid restriction like  fan stadium like nightclub liverpool restricted need thesnp stop treating u like kid open get u back track"
"2021-05-02",,,"doors have opened in liverpool for the sefton park pilot, the first live music event to take place without any social distancing measures!  later @thisiszuzu @thelathums and @blossomsband will all perform ‚ù§Ô∏è  https://t.co/nmhue3oxkm",,,ENTERTAINMENT,"door opened liverpool sefton park pilot first live music event take place without social distancing measure later thisiszuzu thelathums blossomsband perform"
"2021-05-02",,,"great to see pilot mass gatherings being held in liverpool over the past couple of days and in manchester today. hope in these tough times  https://t.co/qooflsnstn",,,"WORLD NEWS","great see pilot mass gathering held liverpool past couple day manchester today hope tough time"
"2021-05-02",,,"#larklane is a crazy, vibrant place to be today! hoping the @blossomsband pilot gig goes brilliantly, and the test events in #liverpool prove to be safe. i ‚ù§Ô∏è blossoms and as it‚Äôs on my doorstep, i‚Äôll be dancing around/soaking up the atmosphere too! x #seftonpark #loveliverpool",,,TRAVEL,"larklane crazy vibrant place today hoping blossomsband pilot gig go brilliantly test event liverpool prove safe blossom doorstep dancing around soaking atmosphere x seftonpark loveliverpool"
"2021-05-02",,,"blossoms pilot gig tonight! we are very jealous. how much do you think it will affect events like r&amp;l and the chances of them going ahead this year? #randl21 #readingfestival #leedsfestival #liverpool #blossoms  https://t.co/ihci8oydik",,,ENTERTAINMENT,"blossom pilot gig tonight jealous much think affect event like r amp l chance going ahead year randl readingfestival leedsfestival liverpool blossom"
"2021-05-02","https://pbs.twimg.com/media/E0ZCyMhWUAAPAy3.jpg","White Middle Eastern","blossoms pilot gig tonight! we are very jealous. how much do you think it will affect events like r&amp;l and the chances of them going ahead this year? #randl21 #readingfestival #leedsfestival #liverpool #blossoms  https://t.co/ihci8oydik",,,ENTERTAINMENT,"blossom pilot gig tonight jealous much think affect event like r amp l chance going ahead year randl readingfestival leedsfestival liverpool blossom"
"2021-05-02",,,"wishing good fortune (and good weather!) to friends and colleagues involved in this festival pilot event today in liverpool! a huge step for opening up our industry. ü§ûüèº",,,IMPACT,"wishing good fortune good weather friend colleague involved festival pilot event today liverpool huge step opening industry"
"2021-05-02",,,"so jealous but also so happy for the people of liverpool this weekend. the pilot events looked unreal and i honestly cant wait till we can all dance again üò≠",,,TRAVEL,"jealous also happy people liverpool weekend pilot event looked unreal honestly cant wait till dance"
"2021-05-02",,,"#events | we are chuffed to be able to help get the events sector back up and running with the pilot event today with @frfestivals @lpoolcouncil + we know you will do us proud #liverpool - so remember, help us keep the park clean by taking your litter home ‚ôªÔ∏è üöØ #hereforculture  https://t.co/yfyg0g5mc9",,,IMPACT,"event chuffed able help get event sector back running pilot event today frfestivals lpoolcouncil know u proud liverpool remember help u keep park clean taking litter home hereforculture"
"2021-05-02","https://pbs.twimg.com/media/E0YWF_aWUAYcn6A.jpg","White East Asian","#events | we are chuffed to be able to help get the events sector back up and running with the pilot event today with @frfestivals @lpoolcouncil + we know you will do us proud #liverpool - so remember, help us keep the park clean by taking your litter home ‚ôªÔ∏è üöØ #hereforculture  https://t.co/yfyg0g5mc9",,,IMPACT,"event chuffed able help get event sector back running pilot event today frfestivals lpoolcouncil know u proud liverpool remember help u keep park clean taking litter home hereforculture"
"2021-05-02",,,"listen to @thelathums practicing for the #liverpool pilot gig tonight at #seftonpark. it'll be a taste of pre-covid life and will shape what festivals will look like in the future. alex on the ukulele wrote 'how beautiful life can be' with his mum in lockdown. üé∂üíï  https://t.co/yg11nhg3bo",,,ENTERTAINMENT,"listen thelathums practicing liverpool pilot gig tonight seftonpark taste pre covid life shape festival look like future alex ukulele wrote beautiful life mum lockdown"
"2021-05-02",,,"@benpearcedj i understand that liverpool has had the ‚Äòbig names‚Äô on for the pilot events but,what‚Äôs annoyed me more than anything,all these artists shouting unity this and that,so where have the local talent come into this,the upcomers, the djs who had it going until covid and were forgotten",,,TRAVEL,"benpearcedj understand liverpool big name pilot event annoyed anything artist shouting unity local talent come upcomers dj going covid forgotten"
"2021-05-02",,,"see footage of the blessed madonna and jayda g at liverpool pilot club event üôå superb seeing young people back out enjoying themselves üôå  https://t.co/7jzwfzlu88",,,ENTERTAINMENT,"see footage blessed madonna jayda g liverpool pilot club event superb seeing young people back enjoying"
"2021-05-02",,,"pilot event in liverpool last night has created the covid 19 after party theme tune that will have the clubs and bars feeling nostalgic when we are eventually through this all. amazing @tez_g @limelightni @garysnowpatrol #excludedni #you‚Äôre  https://t.co/pe2pobkgqk",,,TRAVEL,"pilot event liverpool last night created covid  party theme tune club bar feeling nostalgic eventually amazing tez_g limelightni garysnowpatrol excludedni"
"2021-05-02",,,"i would personally hand over my tit for a pilot rave like liverpool, never seen such happiness and vibes like it",,,ENTERTAINMENT,"would personally hand tit pilot rave like liverpool never seen happiness vibe like"
"2021-05-02",,,"‚ù§Ô∏è how good is sefton park #liverpool looking ahead of this afternoon‚Äôs gig?@blossomsband @thisiszuzu and @thelathums on stage at the latest #covid pilot test event.   if you‚Äôre going... enjoy! üï∫üíÉüé∂ https://t.co/d9ywowx3ex",,,ENTERTAINMENT,"good sefton park liverpool looking ahead afternoon gig blossomsband thisiszuzu thelathums stage latest covid pilot test event going enjoy"
"2021-05-02",,,"wishing our friends @blossomsband and everyone involved in the pilot show in liverpool today the very best! it feels like special moment.",,,"GOOD NEWS","wishing friend blossomsband everyone involved pilot show liverpool today best feel like special moment"
"2021-05-02",,,"unreal scenes coming out @circusmusic liverpool this weekend for their pioneering pilot events üíØüòç looked amazing and helping the industry get back on it's feet ‚ù§Ô∏è  track id @patrick_topping - turbo time ‚ö°Ô∏è  https://t.co/sehlpj1g9f",,,TRAVEL,"unreal scene coming circusmusic liverpool weekend pioneering pilot event looked amazing helping industry get back foot track id patrick_topping turbo time"
"2021-05-02",,,"we‚Äôve had a business conference and a club event, now it‚Äôs the turn of live music, festival style üé∂ blossoms headline this sefton park stage today, all part of the uk event pilots in liverpool. normality feels closer than ever ‚òÄÔ∏è  üé• @stratusimagery    https://t.co/ejyrgf0oop",,,ENTERTAINMENT,"business conference club event turn live music festival style blossom headline sefton park stage today part uk event pilot liverpool normality feel closer ever stratusimagery"
"2021-05-02",,,"really positive to see the successful business and public event pilots this week in liverpool. great news for our events and hospitality clients. #goodbizfest #thefirstdance #events #hospitality  https://t.co/ij5xrtal7t",,,BUSINESS,"really positive see successful business public event pilot week liverpool great news event hospitality client goodbizfest thefirstdance event hospitality"
"2021-05-02","https://pbs.twimg.com/media/E0XOYJTX0AErzHR.jpg","East Asian Southeast Asian","really positive to see the successful business and public event pilots this week in liverpool. great news for our events and hospitality clients. #goodbizfest #thefirstdance #events #hospitality  https://t.co/ij5xrtal7t",,,BUSINESS,"really positive see successful business public event pilot week liverpool great news event hospitality client goodbizfest thefirstdance event hospitality"
"2021-05-02",,,"‚ñ∫ video: thousands of clubbers have ditched their masks and returned to the dancefloor at a uk government-backed rave in liverpool as part of a pilot scheme for reopening venues  https://t.co/1fwndtslh6  https://t.co/7rmlei2s8y",,,"WORLD NEWS","video thousand clubbers ditched mask returned dancefloor uk government backed rave liverpool part pilot scheme reopening venue"
"2021-05-02","https://pbs.twimg.com/media/E0W6i1DWEAIB2gD.jpg","White Middle Eastern Latino_Hispanic","‚ñ∫ video: thousands of clubbers have ditched their masks and returned to the dancefloor at a uk government-backed rave in liverpool as part of a pilot scheme for reopening venues  https://t.co/1fwndtslh6  https://t.co/7rmlei2s8y",,,"WORLD NEWS","video thousand clubbers ditched mask returned dancefloor uk government backed rave liverpool part pilot scheme reopening venue"
"2021-05-01",,,"dispatch from liverpool: a government-approved pilot event to analyze ""the health and safety of easing lockdown restrictions and reopening large-scale cultural events."" and a kick-ass rave.  https://t.co/zyw9ebvivy",,,"WORLD NEWS","dispatch liverpool government approved pilot event analyze health safety easing lockdown restriction reopening large scale cultural event kick as rave"
"2021-05-01",,,"@sebastianbach last night in the uk, liverpool held a massive club night, 3000 people attended. no restrictions. it was a pilot event and the only requirement was a negative covid test on entry. might be diff rules in the states when things start to open up but i'm hopeful it'll happen somehow",,,SPORTS,"sebastianbach last night uk liverpool held massive club night  people attended restriction pilot event requirement negative covid test entry might diff rule state thing start open hopeful happen somehow"
"2021-05-01",,,"the main thing throughout this no debate why pilot anything in liverpool because they were the courageous no masks no tests and lets get back to our new life without corrupt leaders",,,POLITICS,"main thing throughout debate pilot anything liverpool courageous mask test let get back new life without corrupt leader"
"2021-05-01",,,"latest r and growth rate for england: 0.8 to 1.1   ‚Äòclubbers return to the dancefloor in liverpool as 3,000 attend pilot event'  #marr #r4today  #liverpool    https://t.co/i0mkwlrkkv",,,SPORTS,"latest r growth rate england     clubbers return dancefloor liverpool   attend pilot event marr rtoday liverpool"
"2021-05-01",,,"@fascinatorfun @i_petersen @zubhaque @chrischirp i live within earshot of these events and the voluntary aspect of the pcr tests really make me question what exactly the pilot is meant to be studying.  unless of course the real results are the impact on the levels of covid in liverpool, which is potentially awful.",,,WELLNESS,"fascinatorfun i_petersen zubhaque chrischirp live within earshot event voluntary aspect pcr test really make question exactly pilot meant studying unless course real result impact level covid liverpool potentially awful"
"2021-05-01",,,"@borisjohnson and now you allow a pilot club to open its doors to thousands in liverpool, all without masks!!!! just wait a few mire weeks and get this under control!! or is it ""let the bodies pile up"" attitude?",,,TRAVEL,"borisjohnson allow pilot club open door thousand liverpool without mask wait mire week get control let body pile attitude"
"2021-05-01",,,"people moaning about this liverpool rave pilot need to seriously check themselves. comparing it to ‚Äúnot seeing family‚Äù and people ‚Äúon the front line‚Äù just go see your family if you want you weird bunch. my only complaint is that they gave it to scousers first",,,TRAVEL,"people moaning liverpool rave pilot need seriously check comparing seeing family people front line go see family want weird bunch complaint gave scouser first"
"2021-05-01",,,"what you need to know about the pilot events in liverpool.  although i worry about reopening, efforts to find out how we can safely return to life affirming events such as live music and festivals are desperately needed.   https://t.co/hunn8gapck",,,WELLNESS,"need know pilot event liverpool although worry reopening effort find safely return life affirming event live music festival desperately needed"
"2021-05-01",,,"#events | the eyes of the world are on #liverpool as we, along with other key cities, showcase how we can safely operate events. if you're attending a #pilot event, please make sure you follow all #covid safety guidelines on your way to and from any event #inthistogether üò∑  https://t.co/gdkbffmgkm",,,TRAVEL,"event eye world liverpool along key city showcase safely operate event attending pilot event please make sure follow covid safety guideline way event inthistogether"
"2021-05-01",,,"the afternoon admission gig at a warehouse in liverpool, northwest england, is one of a series of pilot events sponsored by the uk government and closely monitored by public health officials.   https://t.co/ybkikzlqxp",,,ENTERTAINMENT,"afternoon admission gig warehouse liverpool northwest england one series pilot event sponsored uk government closely monitored public health official"
"2021-05-01",,,"amount of people i've seen moanin about the pilot in liverpool. 'i can't even hug my family' is the main moan.  why cant you? who says? life is too short to be worrying about what may be. hug your family and friends, tell them how much you love them. don't be a sheep.",,,TRAVEL,"amount people seen moanin pilot liverpool even hug family main moan cant say life short worrying may hug family friend tell much love sheep"
"2021-05-01",,,"i have a ticket to the pilot gig in liverpool tomorrow and i'm still massively in 2 minds about whether to go. is it a terrible idea? i just can't comprehend the risk and haven't really found anything that tells me.",,,TRAVEL,"ticket pilot gig liverpool tomorrow still massively  mind whether go terrible idea comprehend risk really found anything tell"
"2021-05-01",,,"and more info about the pilots in liverpool - @fascinatorfun @zubhaque @chrischirp   https://t.co/8dfscyyc5u",,,TRAVEL,"info pilot liverpool fascinatorfun zubhaque chrischirp"
"2021-05-01",,,"fantastic to see #liverpool piloting events that will be key to the unlocking of events, well done liverpool for embracing and taking on the challenge, such an important pilot. @culturelpool @lpoolcouncil üëèüèæüëèüèæ",,,TRAVEL,"fantastic see liverpool piloting event key unlocking event well done liverpool embracing taking challenge important pilot culturelpool lpoolcouncil"
"2021-05-01",,,"@chloefids liverpool last night and tonight, it's a pilot event to see if we can expand live events again ü§û",,,ENTERTAINMENT,"chloefids liverpool last night tonight pilot event see expand live event"
"2021-05-01",,,"total stupidity. you can have a negative test result but still be a carrier. bring on the next wave.....see photos, footage and reaction from liverpool‚Äôs pilot club night for return to live events  https://t.co/m2i4n83da9 via @nme",,,WELLNESS,"total stupidity negative test result still carrier bring next wave see photo footage reaction liverpool pilot club night return live event via nme"
"2021-05-01",,,"whoever‚Äôs going to the pilot rave in liverpool today have the best time and ignore anybody else!! we‚Äôve been stuck in for the past year and a half and deserve to move forwardüíÉüèªüíÉüèª                                      i won‚Äôt lie i‚Äôm so so jealous",,,TRAVEL,"whoever going pilot rave liverpool today best time ignore anybody else stuck past year half deserve move forward lie jealous"
"2021-05-01",,,"#pilot | do you have questions about the events research programme? why liverpool has been chosen? what the scientists are actually looking for? you can read the full faqs and hear from our director of culture on our website üí≠ üëâ  https://t.co/kwv4uacdjp  https://t.co/kipiujsxjl",,,SCIENCE,"pilot question event research programme liverpool chosen scientist actually looking read full faq hear director culture website"
"2021-05-01",,,"footage and photos of liverpool‚Äôs #covid19 pilot clubbing event has been shared online, showing what the return of live events could look like.   https://t.co/a38dvy2afh",,,SPORTS,"footage photo liverpool covid pilot clubbing event shared online showing return live event could look like"
"2021-05-01",,,"and some of the work published so far from liverpool community testing pilot, which imo is pioneering public health work with mpact on local communities and far wider.   should be applauded, not chastised.",,,IMPACT,"work published far liverpool community testing pilot imo pioneering public health work mpact local community far wider applauded chastised"
"2021-05-01",,,"@ellie_merton @stigabell tomorrow i am going to the pilot music gig in liverpool- i'm off to get tested shortly. i am glad to be helping the research to get things back to normal and will be testing myself every day afterwards üôÇ",,,ENTERTAINMENT,"ellie_merton stigabell tomorrow going pilot music gig liverpool get tested shortly glad helping research get thing back normal testing every day afterwards"
"2021-05-01",,,"but surely we have to now start to look at how we start to get back to some forms of normality - the tools we have to fight the virus and the huge numbers now vaccinated make this possible. the public health experts in liverpool are managing these pilots closely with testing etc",,,WELLNESS,"surely start look start get back form normality tool fight virus huge number vaccinated make possible public health expert liverpool managing pilot closely testing etc"
"2021-05-01",,,"#events | we are delighted to be able to help get the events sector back up and running with the pilot event tomorrow with @frfestivals @lpoolcouncil + we know you will do us proud #liverpool! help us keep the park clean by taking your litter home with you when you visit. ‚ôªÔ∏è üöØ  https://t.co/m68thktki1",,,IMPACT,"event delighted able help get event sector back running pilot event tomorrow frfestivals lpoolcouncil know u proud liverpool help u keep park clean taking litter home visit"
"2021-05-01","https://pbs.twimg.com/media/E0TMCweWUAUve8M.jpg",White,"#events | we are delighted to be able to help get the events sector back up and running with the pilot event tomorrow with @frfestivals @lpoolcouncil + we know you will do us proud #liverpool! help us keep the park clean by taking your litter home with you when you visit. ‚ôªÔ∏è üöØ  https://t.co/m68thktki1",,,IMPACT,"event delighted able help get event sector back running pilot event tomorrow frfestivals lpoolcouncil know u proud liverpool help u keep park clean taking litter home visit"
"2021-05-01",,,"#e_radious see photos, footage and reaction from liverpool‚Äôs pilot club night for return to live events  https://t.co/tmbn3o7kpt  https://t.co/jkpqdksj8b",,,SPORTS,"e_radious see photo footage reaction liverpool pilot club night return live event"
"2021-05-01",,,"the pilot event in liverpool wasn‚Äôt anything to do with covid. it was to flush out all the horrible, snitchy karens &amp; jeffreys. the police have since gathered anyone who complained and shot them",,,"WORLD NEWS","pilot event liverpool anything covid flush horrible snitchy karen amp jeffreys police since gathered anyone complained shot"
"2021-05-01",,,"last night saw clubbing return to the uk for the first time in over a year ‚Äì see footage, photos and reaction from the liverpool pilot event  https://t.co/x1v4clwxcz",,,ENTERTAINMENT,"last night saw clubbing return uk first time year see footage photo reaction liverpool pilot event"
"2021-05-01",,,"here‚Äôs another thread about that pilot event in liverpool i just mentioned.  i‚Äôve liked so many of rufus‚Äô tweets recently as honestly i find him to be one of the most balanced, level-headed people i‚Äôve ever met here. this is worth stopping and thinking about whatever your view.",,,TRAVEL,"another thread pilot event liverpool mentioned liked many rufus tweet recently honestly find one balanced level headed people ever met worth stopping thinking whatever view"
"2021-05-01",,,"how else are we going to get back to normal without fully legal and carefully planned events like the liverpool club night rolling out as pilots? let the young people have some fun, fucking hell. squares.",,,"QUEER VOICES","else going get back normal without fully legal carefully planned event like liverpool club night rolling pilot let young people fun fucking hell square"
"2021-05-01",,,"‚ñ∫ video: thousands of clubbers have ditched their masks and returned to the dancefloor at a uk government-backed rave in liverpool as part of a pilot scheme for reopening venues  https://t.co/1fwndtslh6  https://t.co/zyvqcyiojz",,,"WORLD NEWS","video thousand clubbers ditched mask returned dancefloor uk government backed rave liverpool part pilot scheme reopening venue"
"2021-05-01","https://pbs.twimg.com/media/E0S1n2UWYAM09x3.jpg","White Middle Eastern Latino_Hispanic","‚ñ∫ video: thousands of clubbers have ditched their masks and returned to the dancefloor at a uk government-backed rave in liverpool as part of a pilot scheme for reopening venues  https://t.co/1fwndtslh6  https://t.co/zyvqcyiojz",,,"WORLD NEWS","video thousand clubbers ditched mask returned dancefloor uk government backed rave liverpool part pilot scheme reopening venue"
"2021-05-01",,,"proper buzzing seeing this like... üëåüèºüëåüèº  circus nightclub in liverpool last night, as part of a government pilot which involves taking a covid test before and after the event, and in return, not being required to social distance... ‚¨áÔ∏è https://t.co/ugljsjrmcr",,,ENTERTAINMENT,"proper buzzing seeing like circus nightclub liverpool last night part government pilot involves taking covid test event return required social distance"
"2021-05-01",,,"the scenes at these pilot events in liverpool are amazing. i can‚Äôt wait to go and see blossoms tomorrow at sefton park üéµ üç∫",,,"GOOD NEWS","scene pilot event liverpool amazing wait go see blossom tomorrow sefton park"
"2021-05-01",,,"@drjawalsh @skepticalzebra @chrischirp mhra actually give exceptional use authorisation for each specific use and implementation of lfd testing in liverpool comm testing pilots.. üëç",,,BUSINESS,"drjawalsh skepticalzebra chrischirp mhra actually give exceptional use authorisation specific use implementation lfd testing liverpool comm testing pilot"
"2021-05-01",,,"i keep seeing clips of that pilot test event in liverpool and its so bizarre seeing that many people close together again",,,ENTERTAINMENT,"keep seeing clip pilot test event liverpool bizarre seeing many people close together"
"2021-05-01",,,"‚Äòuntil the gates opened, and the first person walked on to the dancefloor, i didn‚Äôt know that the event was actually going to happen‚Äô  3,000 clubbers take part in liverpool covid pilot. full story via @guardian:  https://t.co/kk7yn5rosr",,,TRAVEL,"gate opened first person walked dancefloor know event actually going happen   clubbers take part liverpool covid pilot full story via guardian"
"2021-05-01",,,"@mimikebish1 @liverpool_event its a pilot event. and its bloody great to see kids enjoying themselves. stuck at home ""protecting the nhs"" which was totally unnecessary.",,,PARENTS,"mimikebish liverpool_event pilot event bloody great see kid enjoying stuck home protecting nh totally unnecessary"
"2021-05-01",,,"really great to see safe pilot events taking place in liverpool this weekend - we‚Äôve got loads of great stuff to announce for this year and it‚Äôs nights like these that will help make sure we can do what we love! üëä",,,TRAVEL,"really great see safe pilot event taking place liverpool weekend got load great stuff announce year night like help make sure love"
"2021-05-01",,,"baffled by the negativity surrounding this nightclub pilot. liverpool public health have clearly got a well oiled machine, hardly anyone has covid anymore and everyone had negative tests. how big can the risk be? some people would be happy in lockdown for the rest of their lives.",,,WELLNESS,"baffled negativity surrounding nightclub pilot liverpool public health clearly got well oiled machine hardly anyone covid anymore everyone negative test big risk people would happy lockdown rest life"
"2021-05-01",,,"fantastic to see the pilot for the legal rave in liverpool. the government are bringing us out of this pandemic in a safe and orderly manner. the ‚Äúnormal‚Äù is just around the corner üëç",,,TRAVEL,"fantastic see pilot legal rave liverpool government bringing u pandemic safe orderly manner normal around corner"
"2021-05-01",,,"so, let me get this straight ..this is happening ( fantastic!!!!) but i still can't go to my local for a pint and a bowl of chips inside with 30 other customers?? clubbers return to the dancefloor in liverpool as 3,000 attend pilot event   https://t.co/gsebwotyk5",,,ENTERTAINMENT,"let get straight happening fantastic still go local pint bowl chip inside  customer clubbers return dancefloor liverpool   attend pilot event"
"2021-05-01",,,"the poor souls will probably be overwhelmed in 3 weeks time in liverpool and surrounding areas, due to the u.k. government‚Äôs pilot rave , unbelievable",,,WELLNESS,"poor soul probably overwhelmed  week time liverpool surrounding area due u k government pilot rave unbelievable"
"2021-05-01",,,"ok so were tests done there and then? fake test results bought?. am.assuming all these ppl now isolate for 10 days to make sure no spreading iccured? bet they arent all vaccinated? 6,000 clubbers in liverpool return to dancefloor for pilot rave  https://t.co/wvm3ximliu @mailonline",,,WELLNESS,"ok test done fake test result bought assuming ppl isolate  day make sure spreading iccured bet arent vaccinated   clubbers liverpool return dancefloor pilot rave mailonline"
"2021-05-01",,,"@skepticalzebra @chrischirp @gabrielscally @zubhaque there is strong qualitative data that attacks from academics decreased test uptake in liverpool community testing pilots, where low uptake esp in deprived communities, diminished impact on impact..  these things matter.  and language used here was more out of line than then.",,,EDUCATION,"skepticalzebra chrischirp gabrielscally zubhaque strong qualitative data attack academic decreased test uptake liverpool community testing pilot low uptake esp deprived community diminished impact impact thing matter language used line"
